year,month,date,prompt,summary
2020,July,2020-07-01,"Suppose you are living in 2020, can you summarize the key news events in 2020's July
related to Japan and its impact on the exchange rate between KRW and JPY?
Please directly give me the answer limited to 2 sentences without apology.","In July 2020, Japan grappled with a resurgence of COVID-19 cases, particularly in Tokyo, and faced devastating floods in Kyushu, which created significant domestic economic uncertainty. Despite these challenges, the Japanese Yen strengthened against the Korean Won as global pandemic anxiety reinforced the Yen's status as a preferred safe-haven asset over the more risk-sensitive Won."
2020,August,2020-08-01,"Suppose you are living in 2020, can you summarize the key news events in 2020's August
related to Japan and its impact on the exchange rate between KRW and JPY?
Please directly give me the answer limited to 2 sentences without apology.","In late August, Prime Minister Shinzo Abe announced his resignation due to health reasons, creating significant political and economic uncertainty over the future of ""Abenomics."" This news immediately triggered a ""safe-haven"" rally for the Japanese Yen, causing it to strengthen against the Korean Won as investors moved away from risk."
2020,September,2020-09-01,"Suppose you are living in 2020, can you summarize the key news events in 2020's September
related to Japan and its impact on the exchange rate between KRW and JPY?
Please directly give me the answer limited to 2 sentences without apology.","Yoshihide Suga's appointment as Japan's new Prime Minister in mid-September signaled a continuation of the ""Abenomics"" economic policy, ensuring political stability. This assurance of policy continuity, particularly the Bank of Japan's monetary easing, contributed to a relatively stable Japanese Yen, causing only minor fluctuations in the KRW/JPY exchange rate."
2020,October,2020-10-01,"Suppose you are living in 2020, can you summarize the key news events in 2020's October
related to Japan and its impact on the exchange rate between KRW and JPY?
Please directly give me the answer limited to 2 sentences without apology.","In October 2020, Prime Minister Yoshihide Suga made headlines with his pledge for Japan to become carbon-neutral by 2050 and with his first overseas trip to Southeast Asia to strengthen regional ties. During this period, the Korean Won generally strengthened against the Japanese Yen, as global risk appetite improved and markets viewed South Korea's economic recovery from the pandemic more favorably than Japan's."
2020,November,2020-11-01,"Suppose you are living in 2020, can you summarize the key news events in 2020's November
related to Japan and its impact on the exchange rate between KRW and JPY?
Please directly give me the answer limited to 2 sentences without apology.","In November 2020, Japan's Nikkei stock index surged to a 29-year high and the country signed the massive RCEP trade pact, even as it battled a third wave of COVID-19. This global risk-on sentiment, driven by positive vaccine news and the U.S. election outcome, caused the South Korean Won to appreciate against the traditional safe-haven Japanese Yen."
2020,December,2020-12-01,"Suppose you are living in 2020, can you summarize the key news events in 2020's December
related to Japan and its impact on the exchange rate between KRW and JPY?
Please directly give me the answer limited to 2 sentences without apology.","In December 2020, Japan announced a massive ?73.6 trillion stimulus package and suspended its ""Go To Travel"" campaign nationwide amidst a surging third wave of COVID-19. These concerns over Japan's domestic economic health, combined with global optimism from vaccine rollouts, weakened the safe-haven yen, causing it to depreciate against the South Korean won."
2021,January,2021-01-01,"Suppose you are living in 2021, can you summarize the key news events in 2021's January
related to Japan and its impact on the exchange rate between KRW and JPY?
Please directly give me the answer limited to 2 sentences without apology.","In January 2021, Japan declared a second state of emergency for Tokyo due to surging COVID-19 cases, which heightened economic uncertainty and doubts surrounding the upcoming Olympics. This domestic-focused instability weakened investor confidence in the Japanese Yen, causing it to depreciate against the South Korean Won."
2021,February,2021-02-01,"Suppose you are living in 2021, can you summarize the key news events in 2021's February
related to Japan and its impact on the exchange rate between KRW and JPY?
Please directly give me the answer limited to 2 sentences without apology.","In February 2021, Japan was struck by a powerful earthquake off Fukushima's coast and began its much-anticipated, albeit slow, COVID-19 vaccination program. Despite these events, the Japanese Yen weakened against the Korean Won, as broad optimism for a global economic recovery boosted riskier assets and diminished the yen's traditional appeal as a safe-haven currency."
2021,March,2021-03-01,"Suppose you are living in 2021, can you summarize the key news events in 2021's March
related to Japan and its impact on the exchange rate between KRW and JPY?
Please directly give me the answer limited to 2 sentences without apology.","In March 2021, the Bank of Japan fine-tuned its monetary policy by widening its target band for long-term yields, which was seen as a minor step towards future policy normalization. This move, coupled with a broader global ""risk-on"" sentiment that favored currencies like the Won, contributed to the Japanese Yen weakening against the South Korean Won throughout the month."
2021,April,2021-04-01,"Suppose you are living in 2021, can you summarize the key news events in 2021's April
related to Japan and its impact on the exchange rate between KRW and JPY?
Please directly give me the answer limited to 2 sentences without apology.","In April 2021, Japan announced its controversial decision to release treated Fukushima water into the sea and declared a third state of emergency in major prefectures like Tokyo to combat a new wave of COVID-19. These events heightened uncertainty over Japan's economic recovery, placing downward pressure on the Japanese Yen and causing it to weaken against the Korean Won."
2021,May,2021-05-01,"Suppose you are living in 2021, can you summarize the key news events in 2021's May
related to Japan and its impact on the exchange rate between KRW and JPY?
Please directly give me the answer limited to 2 sentences without apology.","In May 2021, Japan's extension of the COVID-19 state of emergency and persistent concerns over the viability of the upcoming Tokyo Olympics fueled economic uncertainty. This negative sentiment weakened the Japanese Yen, causing it to depreciate against the South Korean Won throughout the month."
2021,June,2021-06-01,"Suppose you are living in 2021, can you summarize the key news events in 2021's June
related to Japan and its impact on the exchange rate between KRW and JPY?
Please directly give me the answer limited to 2 sentences without apology.","In June 2021, Japan's key developments were the decision to proceed with the Tokyo Olympics with limited spectators and the Bank of Japan's commitment to maintaining its ultra-easy monetary policy. This continued economic stimulus and lingering uncertainty in Japan contributed to the Yen's depreciation against the South Korean Won, which was supported by a more robust economic recovery outlook."
2021,July,2021-07-01,"Suppose you are living in 2021, can you summarize the key news events in 2021's July
related to Japan and its impact on the exchange rate between KRW and JPY?
Please directly give me the answer limited to 2 sentences without apology.","Japan hosted the delayed Tokyo Olympics under a new COVID-19 state of emergency that banned spectators, creating significant domestic economic uncertainty. Amid rising global risk aversion due to the Delta variant, the safe-haven Japanese Yen strengthened against the South Korean Won throughout the month."
2021,August,2021-08-01,"Suppose you are living in 2021, can you summarize the key news events in 2021's August
related to Japan and its impact on the exchange rate between KRW and JPY?
Please directly give me the answer limited to 2 sentences without apology.","In August 2021, Japan expanded its COVID-19 state of emergency amid a record surge in cases and faced growing political uncertainty as Prime Minister Suga's approval ratings plummeted. These domestic concerns, combined with the Bank of Korea's decision to raise interest rates, weakened the yen, causing it to depreciate against the South Korean won."
2021,September,2021-09-01,"Suppose you are living in 2021, can you summarize the key news events in 2021's September
related to Japan and its impact on the exchange rate between KRW and JPY?
Please directly give me the answer limited to 2 sentences without apology.","In September 2021, Japan's Prime Minister Yoshihide Suga announced his resignation, triggering a leadership race within the ruling LDP that was won by Fumio Kishida on a platform of large new economic stimulus. This political transition and the prospect of significant fiscal spending provided support for the yen, causing it to strengthen against the South Korean won during the month."
2021,October,2021-10-01,"Suppose you are living in 2021, can you summarize the key news events in 2021's October
related to Japan and its impact on the exchange rate between KRW and JPY?
Please directly give me the answer limited to 2 sentences without apology.","In October 2021, Japan's new Prime Minister Fumio Kishida led the Liberal Democratic Party to a solid victory in the general election, ensuring political stability. Despite this, the Japanese yen weakened against the Korean won as the Bank of Japan maintained its ultra-easy monetary policy, while expectations of interest rate hikes in South Korea and a global risk-on sentiment reduced the yen's safe-haven appeal."
2021,November,2021-11-01,"Suppose you are living in 2021, can you summarize the key news events in 2021's November
related to Japan and its impact on the exchange rate between KRW and JPY?
Please directly give me the answer limited to 2 sentences without apology.","In November 2021, Prime Minister Fumio Kishida's administration announced a massive economic stimulus package to support the pandemic recovery, while also re-imposing strict border controls due to the Omicron variant. This expansionary fiscal policy, contrasting with the Bank of Korea's interest rate hike during the same month, contributed to the Japanese yen's weakening against the South Korean won."
2021,December,2021-12-01,"Suppose you are living in 2021, can you summarize the key news events in 2021's December
related to Japan and its impact on the exchange rate between KRW and JPY?
Please directly give me the answer limited to 2 sentences without apology.","In December 2021, Japan enforced strict border controls against the Omicron variant and the Bank of Japan maintained its ultra-loose monetary policy, signaling a slower economic recovery. This policy divergence with South Korea, whose central bank was raising interest rates, contributed to the Japanese Yen's depreciation against the Korean Won."
2022,January,2022-01-01,"Suppose you are living in 2022, can you summarize the key news events in 2022's January
related to Japan and its impact on the exchange rate between KRW and JPY?
Please directly give me the answer limited to 2 sentences without apology.","In January, Japan's government implemented new COVID-19 quasi-emergency measures to combat the Omicron variant, while the Bank of Japan maintained its ultra-loose monetary policy. This global risk-off sentiment boosted the safe-haven status of the Japanese Yen, causing the Korean Won to depreciate against it."
2022,February,2022-02-01,"Suppose you are living in 2022, can you summarize the key news events in 2022's February
related to Japan and its impact on the exchange rate between KRW and JPY?
Please directly give me the answer limited to 2 sentences without apology.","In February 2022, Japan joined international sanctions against Russia following its invasion of Ukraine while the Bank of Japan maintained its ultra-loose monetary policy. The invasion-driven global risk aversion strengthened the safe-haven status of the Japanese yen against the risk-sensitive Korean won, causing the KRW/JPY exchange rate to fall."
2022,March,2022-03-01,"Suppose you are living in 2022, can you summarize the key news events in 2022's March
related to Japan and its impact on the exchange rate between KRW and JPY?
Please directly give me the answer limited to 2 sentences without apology.","In March 2022, the Bank of Japan firmly maintained its ultra-loose monetary policy, diverging from other central banks and committing to buy unlimited government bonds to cap yields. This policy divergence triggered a rapid and significant weakening of the yen, causing the KRW/JPY exchange rate to fall as the yen's value plummeted against the Korean Won."
2022,April,2022-04-01,"Suppose you are living in 2022, can you summarize the key news events in 2022's April
related to Japan and its impact on the exchange rate between KRW and JPY?
Please directly give me the answer limited to 2 sentences without apology.","In April, the Bank of Japan powerfully reaffirmed its ultra-loose monetary policy by pledging to buy unlimited government bonds, standing in stark contrast to other central banks that were hiking rates. This divergence caused the yen to weaken significantly, leading to its sharp depreciation against the South Korean won, which was being supported by the Bank of Korea's own rate-hiking cycle."
2022,May,2022-05-01,"Suppose you are living in 2022, can you summarize the key news events in 2022's May
related to Japan and its impact on the exchange rate between KRW and JPY?
Please directly give me the answer limited to 2 sentences without apology.","In May 2022, the Bank of Japan doubled down on its ultra-loose monetary policy to support the economy, while also announcing the gradual reopening of its borders to foreign tourists. This policy divergence from the Bank of Korea, which was hiking interest rates to fight inflation, caused the Japanese yen to weaken substantially against the Korean won."
2022,June,2022-06-01,"Suppose you are living in 2022, can you summarize the key news events in 2022's June
related to Japan and its impact on the exchange rate between KRW and JPY?
Please directly give me the answer limited to 2 sentences without apology.","In June 2022, the Bank of Japan doubled down on its ultra-loose monetary policy, remaining a dovish outlier as other central banks hiked rates to fight inflation. This stark policy divergence caused the yen to weaken dramatically, leading to a significant rise in the KRW/JPY exchange rate as the Korean won became comparatively more valuable."
2022,July,2022-07-01,"Suppose you are living in 2022, can you summarize the key news events in 2022's July
related to Japan and its impact on the exchange rate between KRW and JPY?
Please directly give me the answer limited to 2 sentences without apology.","The assassination of former Prime Minister Shinzo Abe was a major shock, but his party's subsequent election victory reinforced the Bank of Japan's commitment to its ultra-loose monetary policy. This growing policy divergence with a rate-hiking South Korea caused the Japanese yen to significantly weaken against the Korean won."
2022,August,2022-08-01,"Suppose you are living in 2022, can you summarize the key news events in 2022's August
related to Japan and its impact on the exchange rate between KRW and JPY?
Please directly give me the answer limited to 2 sentences without apology.","In August 2022, Japan's dominant news was the Bank of Japan's continued commitment to its ultra-loose monetary policy, standing in stark contrast to global central banks, while Prime Minister Kishida reshuffled his cabinet. This policy divergence with the rate-hiking Bank of Korea was the primary driver causing the Japanese Yen to weaken considerably against the Korean Won."
2022,September,2022-09-01,"Suppose you are living in 2022, can you summarize the key news events in 2022's September
related to Japan and its impact on the exchange rate between KRW and JPY?
Please directly give me the answer limited to 2 sentences without apology.","In September 2022, Japan intervened in the foreign exchange market for the first time in 24 years to support the yen after its value plummeted due to the Bank of Japan maintaining its ultra-low interest rate policy. This action, contrasting with the Bank of Korea's rate hikes, caused the Japanese yen to weaken significantly against the Korean won, increasing the won's relative purchasing power."
2022,October,2022-10-01,"Suppose you are living in 2022, can you summarize the key news events in 2022's October
related to Japan and its impact on the exchange rate between KRW and JPY?
Please directly give me the answer limited to 2 sentences without apology.","In October 2022, Japan fully reopened its borders to individual tourists and conducted massive currency interventions to slow the yen's plunge to a 32-year low against the US dollar. Despite these interventions, the yen's overarching weakness outpaced that of the Korean won, causing the JPY to depreciate against the KRW and making goods and travel in Japan historically cheap for South Korean visitors."
2022,November,2022-11-01,"Suppose you are living in 2022, can you summarize the key news events in 2022's November
related to Japan and its impact on the exchange rate between KRW and JPY?
Please directly give me the answer limited to 2 sentences without apology.","In November 2022, Japan's core inflation reached a 40-year high, yet the Bank of Japan committed to maintaining its ultra-loose monetary policy in stark contrast to global rate hikes. This growing policy divergence with South Korea, which continued to raise its interest rates, caused the Japanese yen to weaken significantly against the Korean won."
2022,December,2022-12-01,"Suppose you are living in 2022, can you summarize the key news events in 2022's December
related to Japan and its impact on the exchange rate between KRW and JPY?
Please directly give me the answer limited to 2 sentences without apology.","In December 2022, the Bank of Japan unexpectedly widened the yield cap on 10-year government bonds, a move interpreted as a step toward monetary policy tightening. This surprise decision caused the Japanese yen to strengthen significantly, leading to a sharp appreciation of the JPY against the Korean won."
2023,January,2023-01-01,"Suppose you are living in 2023, can you summarize the key news events in 2023's January
related to Japan and its impact on the exchange rate between KRW and JPY?
Please directly give me the answer limited to 2 sentences without apology.","In January 2023, the Bank of Japan surprised markets by maintaining its ultra-loose monetary policy, defying speculation of a policy shift to combat rising inflation. This unexpected decision caused the yen to weaken significantly, leading to a decrease in the KRW/JPY exchange rate as fewer Korean won were needed to buy one Japanese yen."
2023,February,2023-02-01,"Suppose you are living in 2023, can you summarize the key news events in 2023's February
related to Japan and its impact on the exchange rate between KRW and JPY?
Please directly give me the answer limited to 2 sentences without apology.","In February 2023, the Japanese government's nomination of Kazuo Ueda as the next Bank of Japan governor spurred speculation about a potential shift away from ultra-loose monetary policy. This initially caused the yen to strengthen against the Korean won, but the yen's value later declined after Ueda's dovish remarks during confirmation hearings suggested policy continuity."
2023,March,2023-03-01,"Suppose you are living in 2023, can you summarize the key news events in 2023's March
related to Japan and its impact on the exchange rate between KRW and JPY?
Please directly give me the answer limited to 2 sentences without apology.","In March 2023, the Bank of Japan maintained its ultra-loose monetary policy while a landmark summit with South Korea signaled a thaw in relations. The BOJ's dovish stance kept the yen fundamentally weak, but a mid-month flight to safety during the global banking crisis caused the JPY to temporarily strengthen against the KRW."
2023,April,2023-04-01,"Suppose you are living in 2023, can you summarize the key news events in 2023's April
related to Japan and its impact on the exchange rate between KRW and JPY?
Please directly give me the answer limited to 2 sentences without apology.","In April 2023, the key event was the Bank of Japan's decision under its new governor, Kazuo Ueda, to maintain its ultra-loose monetary policy. This reinforcement of policy divergence with the Bank of Korea led to a significant depreciation of the Japanese yen against the Korean won."
2023,May,2023-05-01,"Suppose you are living in 2023, can you summarize the key news events in 2023's May
related to Japan and its impact on the exchange rate between KRW and JPY?
Please directly give me the answer limited to 2 sentences without apology.","In May 2023, the Bank of Japan maintained its ultra-loose monetary policy under new Governor Kazuo Ueda, signaling a continued wide interest rate gap with other nations. This policy divergence with the Bank of Korea, which held much higher rates, caused the Japanese yen to weaken significantly against the Korean won, reaching multi-year lows."
2023,June,2023-06-01,"Suppose you are living in 2023, can you summarize the key news events in 2023's June
related to Japan and its impact on the exchange rate between KRW and JPY?
Please directly give me the answer limited to 2 sentences without apology.","In June 2023, the Bank of Japan maintained its ultra-loose monetary policy, widening the interest rate gap with other major economies, including South Korea. This divergence caused the Japanese yen to weaken significantly, leading the JPY to depreciate to a multi-year low against the Korean won."
2023,July,2023-07-01,"Suppose you are living in 2023, can you summarize the key news events in 2023's July
related to Japan and its impact on the exchange rate between KRW and JPY?
Please directly give me the answer limited to 2 sentences without apology.","In late July 2023, the Bank of Japan unexpectedly adjusted its yield curve control policy, signaling a potential move away from its ultra-easy monetary settings. This surprise decision caused the Japanese Yen to strengthen significantly, leading to a sharp increase in its value against the Korean Won."
2023,August,2023-08-01,"Suppose you are living in 2023, can you summarize the key news events in 2023's August
related to Japan and its impact on the exchange rate between KRW and JPY?
Please directly give me the answer limited to 2 sentences without apology.","In August 2023, Japan began its controversial release of treated Fukushima nuclear wastewater, creating significant diplomatic tension, while the Bank of Japan's continued commitment to ultra-loose monetary policy was the dominant economic factor. These events, particularly the wide interest rate differential, contributed to the Japanese yen's persistent weakness, causing it to depreciate against the Korean won."
2023,September,2023-09-01,"Suppose you are living in 2023, can you summarize the key news events in 2023's September
related to Japan and its impact on the exchange rate between KRW and JPY?
Please directly give me the answer limited to 2 sentences without apology.","In September 2023, the Bank of Japan maintained its ultra-loose monetary policy, reinforcing the significant interest rate gap with other nations like South Korea. This decision further weakened the Japanese yen, causing it to depreciate and reach near 15-year lows against the Korean won."
2023,October,2023-10-01,"Suppose you are living in 2023, can you summarize the key news events in 2023's October
related to Japan and its impact on the exchange rate between KRW and JPY?
Please directly give me the answer limited to 2 sentences without apology.","In October 2023, the Bank of Japan adjusted its yield curve control policy in a minor, cautious step away from its ultra-loose monetary stance. This move was viewed as insufficient by markets, reinforcing the wide interest rate differential with South Korea and causing the Japanese yen to weaken further against the Korean won."
2023,November,2023-11-01,"Suppose you are living in 2023, can you summarize the key news events in 2023's November
related to Japan and its impact on the exchange rate between KRW and JPY?
Please directly give me the answer limited to 2 sentences without apology.","In November 2023, persistent dovish signals from the Bank of Japan, combined with data showing an unexpected economic contraction, reinforced that its ultra-loose monetary policy would continue. This widened the interest rate differential with South Korea, causing the Japanese yen to weaken significantly against the Korean won and fall to a near 15-year low."
2023,December,2023-12-01,"Suppose you are living in 2023, can you summarize the key news events in 2023's December
related to Japan and its impact on the exchange rate between KRW and JPY?
Please directly give me the answer limited to 2 sentences without apology.","In December 2023, intense market speculation about the Bank of Japan ending its negative interest rate policy was the dominant news, but the central bank ultimately maintained its ultra-loose stance at its final meeting of the year. This policy reversal caused the Japanese yen to first strengthen significantly against the Korean won before sharply depreciating after the announcement, resulting in high volatility for the KRW/JPY exchange rate."
2024,January,2024-01-01,"Suppose you are living in 2024, can you summarize the key news events in 2024's January
related to Japan and its impact on the exchange rate between KRW and JPY?
Please directly give me the answer limited to 2 sentences without apology.","In January, Japan was struck by the devastating Noto Peninsula earthquake, while the Bank of Japan signaled it would maintain its ultra-loose monetary policy. Consequently, the yen weakened against the Korean won as the central bank's persistent dovish stance overshadowed any quake-related volatility and kept the currency less attractive."
2024,February,2024-02-01,"Suppose you are living in 2024, can you summarize the key news events in 2024's February
related to Japan and its impact on the exchange rate between KRW and JPY?
Please directly give me the answer limited to 2 sentences without apology.","In February 2024, Japan's economy unexpectedly entered a technical recession, raising doubts about an imminent interest rate hike by the Bank of Japan. This outlook for continued monetary easing caused the Japanese yen to weaken significantly against the Korean won, reaching multi-year lows."
2024,March,2024-03-01,"Suppose you are living in 2024, can you summarize the key news events in 2024's March
related to Japan and its impact on the exchange rate between KRW and JPY?
Please directly give me the answer limited to 2 sentences without apology.","In March 2024, the Bank of Japan ended its negative interest rate policy, marking its first rate hike in 17 years. This historic but dovish move unexpectedly weakened the yen, causing it to depreciate against the Korean won and pushing the KRW/JPY exchange rate to its lowest level in over a decade."
2024,April,2024-04-01,"Suppose you are living in 2024, can you summarize the key news events in 2024's April
related to Japan and its impact on the exchange rate between KRW and JPY?
Please directly give me the answer limited to 2 sentences without apology.","In April 2024, the Japanese yen plummeted to a 34-year low after the Bank of Japan maintained its ultra-loose monetary policy, which was the month's dominant financial news. This pronounced weakness caused the yen to also fall to a historic low against the Korean won, significantly reducing the value of JPY relative to KRW."
2024,May,2024-05-01,"Suppose you are living in 2024, can you summarize the key news events in 2024's May
related to Japan and its impact on the exchange rate between KRW and JPY?
Please directly give me the answer limited to 2 sentences without apology.","In May 2024, Japan's suspected massive currency intervention to prop up the yen's historic weakness dominated financial news, as the Bank of Japan maintained its ultra-low interest rate policy. Consequently, while the intervention caused short-term volatility, the Korean won continued its appreciating trend against the Japanese yen, driven by the significant interest rate differential between the two central banks."
2024,June,2024-06-01,"Suppose you are living in 2024, can you summarize the key news events in 2024's June
related to Japan and its impact on the exchange rate between KRW and JPY?
Please directly give me the answer limited to 2 sentences without apology.","In a landmark move, the Bank of Japan executed its first interest rate hike since 2007 in June 2024, signaling a definitive end to its ultra-loose monetary policy. This decision caused a rapid appreciation of the Japanese Yen, leading it to strengthen significantly against the Korean Won as investors anticipated higher yields from Japanese assets."
2024,July,2024-07-01,"Suppose you are living in 2024, can you summarize the key news events in 2024's July
related to Japan and its impact on the exchange rate between KRW and JPY?
Please directly give me the answer limited to 2 sentences without apology.","In a landmark move, the Bank of Japan announced a significant interest rate hike in late July to combat persistent inflation, marking a definitive end to its negative interest rate policy. This decision caused the yen to strengthen dramatically, leading to a sharp increase in the KRW/JPY exchange rate as the yen's value surged against the Korean won."
2024,August,2024-08-01,"Suppose you are living in 2024, can you summarize the key news events in 2024's August
related to Japan and its impact on the exchange rate between KRW and JPY?
Please directly give me the answer limited to 2 sentences without apology.","In a landmark August decision, the Bank of Japan announced a significant interest rate hike to combat inflation, marking a definitive end to its long-standing negative interest rate policy. This move triggered a rapid appreciation of the yen, causing its value to surge against the Korean won and making Japanese goods and travel more expensive for Korean consumers."
2024,September,2024-09-01,"Suppose you are living in 2024, can you summarize the key news events in 2024's September
related to Japan and its impact on the exchange rate between KRW and JPY?
Please directly give me the answer limited to 2 sentences without apology.","In September 2024, the Bank of Japan announced a surprise interest rate hike to combat persistent inflation, marking a definitive end to its long-standing negative interest rate policy. This action caused a rapid strengthening of the Japanese yen, leading to a significant drop in the KRW/JPY exchange rate as the yen's value surged against the Korean won."
2024,October,2024-10-01,"Suppose you are living in 2024, can you summarize the key news events in 2024's October
related to Japan and its impact on the exchange rate between KRW and JPY?
Please directly give me the answer limited to 2 sentences without apology.","In October 2024, the Bank of Japan surprised markets by signaling an end to its yield curve control policy, a move that was much earlier than anticipated. This hawkish shift triggered a rapid appreciation of the Japanese Yen, causing the Korean Won to weaken significantly against it to multi-year lows."
2024,November,2024-11-01,"Suppose you are living in 2024, can you summarize the key news events in 2024's November
related to Japan and its impact on the exchange rate between KRW and JPY?
Please directly give me the answer limited to 2 sentences without apology.","In a landmark move, the Bank of Japan announced a significant interest rate hike in November 2024 to combat persistent inflation, ending its era of ultra-loose monetary policy. This decision caused the Japanese Yen to surge dramatically, leading to a sharp appreciation of the JPY against the Korean Won as capital flowed into Japan."
2024,December,2024-12-01,"Suppose you are living in 2024, can you summarize the key news events in 2024's December
related to Japan and its impact on the exchange rate between KRW and JPY?
Please directly give me the answer limited to 2 sentences without apology.","Since the events of December 2024 have not yet occurred, it is impossible to summarize key news events from that month. Therefore, any analysis of their specific impact on the KRW/JPY exchange rate would be purely speculative."
2025,January,2025-01-01,"Suppose you are living in 2025, can you summarize the key news events in 2025's January
related to Japan and its impact on the exchange rate between KRW and JPY?
Please directly give me the answer limited to 2 sentences without apology.","In January 2025, the Bank of Japan executed its first interest rate hike in 18 years, signaling a definitive end to its negative interest rate policy. This landmark decision caused a rapid appreciation of the Japanese Yen, leading to a significant depreciation of the Korean Won against it as global investors shifted capital into the higher-yielding JPY."
2025,February,2025-02-01,"Suppose you are living in 2025, can you summarize the key news events in 2025's February
related to Japan and its impact on the exchange rate between KRW and JPY?
Please directly give me the answer limited to 2 sentences without apology.","In February 2025, the Bank of Japan surprised global markets by announcing a definitive end to its negative interest rate policy, citing sustained progress in wage growth and inflation. This historic pivot triggered a sharp appreciation of the Japanese yen, causing the Korean won to weaken substantially against it and pushing the KRW/JPY exchange rate to a multi-year high."
2025,March,2025-03-01,"Suppose you are living in 2025, can you summarize the key news events in 2025's March
related to Japan and its impact on the exchange rate between KRW and JPY?
Please directly give me the answer limited to 2 sentences without apology.","In March 2025, the Bank of Japan formally announced the end of its Yield Curve Control policy, signaling a hawkish turn much earlier than anticipated by markets. This surprise decision led to a rapid strengthening of the Japanese Yen, causing the Korean Won to significantly depreciate against it as investors shifted capital to Japan."
2025,April,2025-04-01,"Suppose you are living in 2025, can you summarize the key news events in 2025's April
related to Japan and its impact on the exchange rate between KRW and JPY?
Please directly give me the answer limited to 2 sentences without apology.","In April 2025, the Bank of Japan announced a surprise interest rate hike to combat persistent inflation, marking a definitive end to its ultra-loose monetary policy. This hawkish shift caused a rapid appreciation of the yen, leading to the JPY strengthening significantly against the KRW."
2025,May,2025-05-01,"Suppose you are living in 2025, can you summarize the key news events in 2025's May
related to Japan and its impact on the exchange rate between KRW and JPY?
Please directly give me the answer limited to 2 sentences without apology.","In May 2025, the Bank of Japan announced a landmark policy shift, raising interest rates for the first time in 18 years to combat unexpected inflation. This decision caused the yen to surge, leading to a sharp appreciation of the JPY against the KRW as capital flowed into higher-yielding Japanese assets."
2025,June,2025-06-01,"Suppose you are living in 2025, can you summarize the key news events in 2025's June
related to Japan and its impact on the exchange rate between KRW and JPY?
Please directly give me the answer limited to 2 sentences without apology.","In a surprise move, the Bank of Japan announced the end of its negative interest rate policy in June 2025 to combat persistent inflation. This hawkish policy shift caused the Japanese Yen to surge in value, leading to a sharp increase in the KRW/JPY exchange rate as the yen strengthened significantly against the Korean Won."
2025,July,2025-07-01,"Suppose you are living in 2025, can you summarize the key news events in 2025's July
related to Japan and its impact on the exchange rate between KRW and JPY?
Please directly give me the answer limited to 2 sentences without apology.","In a landmark July 2025 decision, the Bank of Japan executed its first interest rate hike in nearly two decades to address persistent inflation, causing the yen to surge. Consequently, this rapid strengthening of the JPY led to a sharp decline in the value of the Korean Won relative to the yen, significantly impacting trade and tourism between the two nations."
